{
    "avg_prec": 0.5144865739107476,
    "roc_auc": 0.9528593020874085
}